<?xml version="1.0"?>

<config xmlns:xsi="http://www.w3.org/2001/XMLSchema-instance" xsi:noNamespaceSchemaLocation="urn:magento:module:Magento_Config:etc/system_file.xsd">
	<system>
		<tab id="configuration" translate="label" sortOrder="1000">
			<label>Rma</label>
		</tab>
		<section id="rma" translate="label" sortOrder="1" showInDefault="1" showInWebsite="0" showInStore="0">
			<class>separator-top</class>
			<label>Configuration</label>
			<tab>configuration</tab>
			<resource>Codilar_Rma::configuration</resource>
			<group id="options" translate="label" type="text" sortOrder="2" showInDefault="1" showInWebsite="1" showInStore="1">
				<label>Options</label>
				<field id="allow_return" translate="label" type="select" sortOrder="1" showInDefault="1" showInWebsite="1" showInStore="1">
					<label>Allow Status to Return</label>
                    <source_model>Codilar\Rma\Model\Config\Source\Status</source_model>
				</field>
			</group>
		</section>
	</system>
</config>